{
  "logistic": {
    "feature_keys": [
      "attendance_pct",
      "recent_attendance_pct",
      "attendance_delta_30d",
      "longest_absence_streak",
      "repeated_absence_clusters",
      "absent_days",
      "fa_avg",
      "sa_avg",
      "overall_marks",
      "marks_trend",
      "syn::seasonal_migration_possibility",
      "syn::financial_stress",
      "syn::child_labour_concern",
      "syn::early_marriage_concern",
      "syn::behavioural_disengagement",
      "syn::transport_difficulty",
      "syn::peer_isolation",
      "syn::parent_engagement_low"
    ],
    "coefficients": [
      -0.4035082334597844,
      -0.22538279589187507,
      0.13275581937504852,
      -0.02850963739493736,
      0.263707510033679,
      -0.38177818324777196,
      0.1015563294603244,
      -0.16631264974550508,
      -0.02783877997701706,
      0.2412572414127148,
      0.20714566357866637,
      0.2583986025372795,
      0.1616624529629547,
      0.14237598395352788,
      0.3155983713072017,
      0.14037258596241237,
      0.16557935213274555,
      0.20779811118876768
    ],
    "intercept": -0.07082923170530316,
    "scaler_mean": [
      60.30773129525366,
      56.55621078037021,
      -3.751335478680598,
      21.493644408688656,
      41.770152855993565,
      84.83612228479485,
      146.62307320997584,
      284.8475060337892,
      192.71543041029807,
      142.61882542236523,
      0.315526950925181,
      0.2587288817377313,
      0.09774738535800483,
      0.05366049879324215,
      0.23507642799678197,
      0.15695897023330652,
      0.13748994368463396,
      0.4694288012872084
    ],
    "scaler_scale": [
      22.89091854452231,
      29.187376727267598,
      18.977145446630793,
      26.3642853662439,
      16.16825830340219,
      47.329943018366585,
      61.44332151550625,
      159.00172846191532,
      85.88079412601037,
      156.65668198082003,
      0.4647253965139781,
      0.4379363509603437,
      0.2969727832877382,
      0.22534651020706128,
      0.42404657880604135,
      0.3637620814442108,
      0.3443638469267903,
      0.4990645266989429
    ]
  },
  "hyper_early": {
    "feature_keys": [
      "first8_attendance_pct",
      "first8_absent_days",
      "first8_longest_streak"
    ],
    "coefficients": [
      -0.26379959831220273,
      0.26787140543041565,
      0.013413626162328869
    ],
    "intercept": -0.030478767128040932,
    "scaler_mean": [
      63.794014481094024,
      14.483346741753822,
      7.061383748994368
    ],
    "scaler_scale": [
      20.693797724294466,
      8.28156970896051,
      2.9191597249135883
    ]
  },
  "gbm_feature_importance": {
    "attendance_pct": 0.3243963192358998,
    "recent_attendance_pct": 0.015338834635799192,
    "attendance_delta_30d": 0.0579509532286851,
    "longest_absence_streak": 0.025608080212016732,
    "repeated_absence_clusters": 0.012876516139416714,
    "absent_days": 0.02947907847637639,
    "fa_avg": 0.06543332168599333,
    "sa_avg": 0.020672677213764756,
    "overall_marks": 0.026969535940448982,
    "marks_trend": 0.04763778616000787,
    "syn::seasonal_migration_possibility": 0.04550037282550509,
    "syn::financial_stress": 0.07716648335837421,
    "syn::child_labour_concern": 0.0257222861582369,
    "syn::early_marriage_concern": 0.018557378086403332,
    "syn::behavioural_disengagement": 0.10754112474181536,
    "syn::transport_difficulty": 0.019202655151429823,
    "syn::peer_isolation": 0.030925854084553207,
    "syn::parent_engagement_low": 0.04902074266527312
  }
}